,0
0, Digital Media Planner
1, Online Bidding Executive
2, Trainee Research/ Research Executive- Hi- Tech Operations
3, Technical Support
4, Software Test Engineer -hyderabad
5, Opening For Adobe Analytics Specialist
6, Sales- Fresher-for Leading Property Consultant
7, Opportunity For Azure Devops Architect For Hyderabad Location
8, BDE- PUNE
9, Technical Support/ Product Support
10, Executive Assistant To Chairman
11, SEO Executive
12, Workflow Coordinator
13,Oracle IDAM
14, Looking Facebook /social Media Manager For our Digital Marketing Ageny
15, Wanted Engineering Fresher For MNC Chennai
16, Tooling &amp; Sampling
17, Account Manager
18, Magento Developer
19, Looking For Trained Freshers in MS Dynamics CRM- Hyderabad
20, Job Openings Kotak Life/ Max Life/ Aditya Birla Health for Sales Mgr
21, Business Development / Corporate Sales
22, Business Development Manager (BDM)
23, QA Executive
24, Back End Java Developer - Restful Services/soap
25, Product Engineer
26, Opening For Articulate tool Developer - Articulate / Captivate)chennai
27, Urgent Hiring for Area Sales Manager
28, Software Engineer - C++ Development - Ooad/oops
29, Linux Administrator Lead
30, Hiring for Tech Pm/scrum Master for Hyderabad Location
31, Assistant Professor (Grade I)-Theoretical Computer Science
32, US Based Financial Company Looking For Java API Engineers For HYD
33, Strong Partner Ecosystem
34, Wordpress Web Developer
35, Senior Executive- Contract Logistics- Bom WP-A
36, Accounts Manager
37, Technical Sales Executive with fixed pay & lucrative incentives/UK Inb
38, nutanix sme 
39, System Architect - 3g/4g Wireless Network Architecture & Migration
40,for Hyderabad and Ban
41,Excellent Opportunity For ” Linux Device Driver ” 
42, Java Developer
43, Regional Representative
44, Hiring For Record To Report
45, Product & Regional Sales Manager
46, Senior Manager/associate Director - Mandarin
47, ODI Developer/lead ODI Developer - RACI
48, UI Developer
49, Assistant Manager 
50, Android Developer
51, International BPO / Non Voice Process / Rotational Shift / Ahmedabad
52, iOS Developer
53, F&A Black belt - Process Excellence Lead
54, IT - Head (preferably from an NGO)
55, Digital Content Producer For largest Media House
56, Manager Holidays
57, Backend Developer
58, JUNIOR BIG DATA ANALYST IN
59, Chief Engineer
60,No job title
61, Oracle DBA Consultant - Data Guard/rac Modules
62, Global HR Operations Analyst
63,No job title
64, Compiler- Support Engineer
65, Key Accounts Manager
66, Head Sales- Coworking Company
67,
68, Clubhouse Manager
69, Facility Manager
70, IP DRG / Surgery / ED / Denials Coders
71, Sales Manager - Education Sales
72, HR Associate
73, Manager / Sr Manager - Digital Ad Sales - Ecommerce
74, Architect Junior/ Middle level
75, php developer
76, Openstack Engineer / Openstack Admin with Ceph Storage
77, Sr. Software Engineer
78, Software Engineering- Mentor
79, Application Tester
80, Credit Control - Manager / Asst. Manager
81, Night Shift - Non Voice / Web Chat - BPO
82, Sales Executive
83, Design Engineer Mechanical
84, Android developer
85, Technical Writer
86,Ansys
87, Pro-Engineer 
88, Matlab 
89, Business Development Executive - Kolkata
90, Accountant - UK Based Accounting
91, Opportunity For Current Account RM ||bank || Delhi
92, PHP Developer
93, Senior Engineering Maintenance Manager For Knitting and ZLD System
94, Accounting Specialist
95, Manager (Service Operation)
96, DevOps Engineer Intern
97, PHP Developer (wordpress & Woo Commerce/shopify / Magento)
98, Java Developer
99, Sr. Manager- Business Development
100, Test Principal Engineer
101, Graphic Designer
102, Business Development Executive
103, Animation Resident
104,Enterprise Business Development Representative
105, Dot Net Developer
106," Urgent Opening for ""US Staffing Professionals"" - Noida"
107, Front Office Executive-Noida
108, Project Executive/coordinator
109, Sterling OMS Architect
110, Dot net Developer
111, Centreless Grinding Operator 
112, PHP Developer Jobs In Gurgaon - Team Lead - PHP
113, Sales Lead
114, Clerk - Garh Shankar (Vacancy-1)
115, Senior Design Engineer - Manufacturing
116, Software Engineer Automation - Industrial Automation Job In Bangalore
117, Looking For Assistant Manager - Healthcare (US Visa is Must)
118, Senior Accounts Executive
119, QA for Voice Process (LE-0097-N1C)
120, Gurgaon
121, Max Hospital
122, Senior Resident - Obs. & Gynae
123,No job title
124, Manager/senior Manager- Analytics- Life & Annuities - Insurance Domain
125, Executive Medical Coder
126, Account Assistant
127, Informatica Faculty Job Requirement in Hyderabad
128, SEO Expert/ Digital Marketing Gurgaon
129, Head Engineering
130, Business Development Executive
131, PPC Executive
132, Opening For the post of Mr/territory Business Manager in An Pharma
133, Deputy Manager - Program Management
134, Public Relations Manager - Bangalore
135, Female Fresher's Counsellor- Gurgaon
136, BE Chemical - Fresher
137, Senior .Net Developer For Leading IT Company in Gurgaon
138, Hiring a Valuation Associate (female Only)
139, Merchandising & Marketing- Professor
140, Medical Transcriber
141, PHP Developer
142, Business Development Manager
143, Looking for a Job Change With a good package
144, Huge Requirement for Customer Care Executive with Fixed Salary
145,Assistant Manager – BI&I (data Automation)
146, Field Sales Executive
147, Sr. Manager Sales Capability Building
148, Service Ops Expert - Servc Del | Microland
149, Regional Trainer - Skin for Wellness & Beauty Industry (only Females)
150, Sales Manager
151, Field Support Team-Supervisor
152, Sr. C# Developer
153, Sr Structural Engineer
154, IT Security Head 
155, Technical Support Executive
156, Analyst - Business Intelligence
157,Nokia WING Circuit Core - SMSC Engineer
158, Assistant Restaurant Manager / Restaurant Manager
159, Digital / Web Artist
160, Business Development Manager
161, Web/ GUI Designer
162, Bootstrap
163, Photoshop
164, CSS
165, Web Designer - Html
166, Python Developer
167, Web Designer
168, AVP- FX MO
169, Cluster Sales Head - Tied Channel &amp; Affinity Alliances - Health Insura
170, Head - Project Management
171, Walk- In For Development QA/ Regulatory Affairs
172, Manager Accounts-wazirpur-mba-finance-salary-35k(export House exp)
173, Team Leader- Head Digital Prtnrshp & BD
174, DWH Tester - Manual Testing
175, Quality Assurance Engineer
176, Technical / Functional Skills
177, Software Development / Software Engineer
178,No job title
179, Inbound Phone Banking Voice Process - Leading Bank - Noida
180,Java Enterprise Edition
181, Associate Clinical Data Processor
182,No job title
183, CRM
184, Magento Developer
185, Merchandiser
186, SIEM Analyst
187, Hiring ll Azure Devops and Management Lead ll Hyderabad
188, Senior Faculty - Information Design
189, computer operator
190, Operation Executive
191, Customer Support Executive
192, Corporate-Day Care Manager.
193, Hiring going on for .US Inbound Tech Support/ Sales
194,Deputy Manager- Performance/digital Marketing
195,Cisco Call Manager)
196, Technical Lead -(VoIP
197,No job title
198, Relationship Manager
199, Technician
200, Technical Support
201, Graphic Designer
202, Consultant
203, Immediate Requirement for Fusion Technical Lead Developer
204, Layout Designer / Web Designer
205, International BPO- Mahindra- Meru- TATA SKY- Paddle Point-pepperfry-hc
206, Asp.net with Angular JS & Html5 - Hyderabad
207, Sales Manager Product and Portfolio
208, Key Accounts Manager
209, Store Head-leading Manufacturing Company
210, BPO Inbound Voice Tech Process - Customer Service Inbound Voice - Appl
211, Java Software Engineer
212, Admin Executive
213, Agm Finance for Automobile Company in Kolkata . Salary:7 Lpa
214, Accounts Manager (male)
215, Opening for French Specialist Accounts Payable
216, Applications Analyst OEE
217, Customer Service Engineer - - ICD Security Solutions
218, Urgently Required Senior PHP Developer(laravel) || Gurgaon 
219, Associate Process Consultant
220, Infrastructure management- Lecturer
221, Finance Admin
222, Guest Relations Executive
223, Salesforce System Architect
224,No job title
225,System Monitoring Tools & Techniques Professional
226, HR Recruiter
227, Business Development Manager (eCommerce)
228, Java Developer - Spring/ Hibernate
229, Python Developer
230, Sales And Marketing/Business Development manager
231, Microsoft Developer
232, Customer Service Executive (Adeeba Group) for Tech Support/ Sales
233, Inbound Technical Support With Attractive Salary Package
234,
235, Placement Officer
236, Walk-in Interviews For Sr.executive - Procurement on 5th July
237,Urgent Opening Automation Test Engineer 2-5yrs-bellandur Bangalore
238, Senior TSA Inbound Tech Process
239, Freelance Corporate Trainer on Taleo
240, Senior Java Developer- Urgently Required by Mumbai IT Company
241, Manager Procurement
242, Senior Software Engineer - UI Development - Javascript/angularjs
243, Telle Caller
244, Documentation Executive
245, Restaurant Cashier
246, Opening For Dot Net Developer @ Baner
247, Pune
248, Management Trainee
249, Junior Company Secretary
250, Production Manager
251, Have Confidence to Convince Customer Then Join Adeeba (Inbound Voice)
252, Business Transformation Consultant
253, Content Editor
254, Graphics Hardware Engineer
255, Visual Designer
256, Web Designer
257, ACCOUNTS EXECUTIVES
258, Finance & Accounting Associates
259, DEALER - RETAIL BROKING
260, SENIOR SOFTWARE DEVELOPER (MVC .NET)
261, Client Relationship Partner
262, Sales Manger Opening In An E-commerce Industry- (mumbai
263, Pune)
264, Dot Net Developer
265, Lead Business Systems Analyst
266, Sr. Manager- Art in Mumbai || Opportunity @ Client side
267, Hiring for Domestic/ International Processes.contact the HR Asap
268, Sr . Manager
269, Manager Learning & Development
270, Urgent Requirement for CCE Telesales for Night Shift.
271, Vancancy for Inbound Tech Sales Executive
272, Infrastructure SSO Architect- Looking For Early Joiners
273, Sr. Architect / Project Position: Sr. Architect / Project
274,Nosql (couchdb/redis/bigtable/dynamodb)
275, Immidate Opening for Voice & Accent Trainer @ Vee Technologies
276, Walk- in | Hdfc Life | We are Hiring Freshers:5th till 20th Aug@ Delhi
277, AIT Global India Private Limited is Looking For JAVA Developer.
278, Cloud Engineer Cloud Based IT MNC In Gurgaon 
279, salary 7 - 8 LPA
280, Relationship Manager - Bangalore
281, Territory Sales Manager-Passive Networking-Mumbai/Bangalore/Hyderabad
282, Business Development Manager
283, Senior Manager-fundraising
284, Bulk Hiring Travel Sales Consultants US /UK Shifts Call ASAP
285, UI Developer (Frontend Developer)
286, Netsuite Technical Consultant
287,Java Full Stack – Technical Lead
288, Senior Engineer
289, ADM - External Affairs &amp; CSR - Bangalore
290, Immediate Opening Asp.net MVC Developers For Mumbai (worli)
291, Home loan
292, Sr. Resident
293, General & Laparoscopic Surgery
294, Angular Developer - Fulcrum Digital
295,No job title
296, Devops Engineer - Tools & Automation
297, Great Opportunity To join top MNCs in Kolkata! Grab them While it last
298, QA Functional Testing
299, Sales Engineer
300,Software Engineer - Unity Developer
301, Associate Level 1 - Fund Accounting
302, Associate Principal Analyst - Network Security Research
303, Training Specialist
304, Urgent Opening For Field Recruiter 
305, JAVA Developer
306, Urgent Openings For Pharma Freshers
307, Front End Developer - Wordpress/html/css/javascript
308,Mechanical Maintenance – Btech / Diploma
309, PHP Developer
310,Sr.consultant-power Distribution
311,
312, Spanish Language Expert (proofcheck Medical Content)
313, Chinese
314, Hiring for Tech Sales_Inbound UK/ US Voice Process
315, SUPPORT Engineers (FEMALE CANDIDATES)
316, MS SQL Developer : 0 - 2 Years (only MALE Candidates)
317, Machine Learning Engineer || Gurgaon/chandigarh Location
318, Nurses
319, Marketing Executive
320,HR Recruiter (volume Hiring)
321, Java Full Stack Developer
322, GM Finance- Export Import Company
323, Content Writer
324, Job Opening for Sm/avp_credit Audit_mumbai
325, iOS Game Developer
326, Hiring: Executive-business Developer(seller Acquisition) On Contract
327, Java/j2ee Application Developer
328, Web Design
329, Accepting Application for Intership for Java
330, PHP
331, Android
332, Automation-Expert-Senior-Automation-Expert
333, Product Manager- Marketing(consumer Durables)
334, Embedded Android Engineer
335, Inbound International BPO Voice Process-US Shift
336, Jr. Support Executives
337, Sales Executive
338, Recruitment Officer 
339, Senior Principal Software Engineer
340, Senior Branch Sales & Development Head - Agency - General Insurance
341, Pharma/nutrition Sales Profile Opening with Hexagon Nutrition
342, Urgent job Position For SAP MDG Functional Analyst- All Over India
343, Manager / Asst. Manager - Vendor Development ( Purchase ) - Gurgaon
344, Java with AngularJS and Spring
345, Manager- Admission
346, Full Time Academic Writer for Ca/cma- Accounting & Taxation
347, Sales Head for It Consulting Company in Gurgaon
348, Adeeba Group is Currently hiring for US Inbound Tech Process.
349, Mechanical Engineer Require For Shut Down
350, CARE Specialist
351, Opening For Fresher
352, Technical Support Associate / Technical Sales Associate-Inbound Voice 
353, Head of Maintenance
354, Tcs Hiring For Support Analyst - Bigdata(apache Hadoop
355,aws Certified)
356, Job Opening For Corporate Sales (insurance Broking) Mumbai/ Bangalore
357,Spring Boot
358, Sr. Engineer Design (Mechanical)
359, Senior Manager Cost & Program Management
360, Manager Sales Commercial Segment
361, Outbound Sales Executive
362, US Tech Process
363,
364, Community Manager
365, Software Engineer- Mobile Applications - Android
366, Hardware Board Design Engineer
367, Corporate Head - Operations
368, HR Recruitment Executive
369, Software Engineer Android
370, Sales Coordinator
371, Ecommerce Executive
372, Team Lead / Dev Lead
373, Andriod Developer
374, Physics Teacher
375, Manager Sales &amp; Marketing
376, Design Engineer
377, VERY Urgent Opening for IT Recruiter & Non IT Recruiter !! Apply NOW 
378, Associate
379, Receptionist (Female)
380, Senior .NET Developer
381, Sales Manager : School & Higher Academic Books
382, Supply Chain - Import Export Executive
383, Walk-in Drive for Java Dev/sr. Dev on 29th June at Delhi
384, Hiring for Spring Boot Developer-noida
385, Dynamic CRM Architect
386, SE / SSE - DATA
387, Hiring for Accounts Manager (business Development)- Radio In
388,Urgent Openings for O2C
389, ARCHITECTURAL CAD
390," HCL Tech Hiring ""physical Design Engineers"" for VLSI R&D Division"
391, Assistant Manager Purchase
392, Sr. Cloud Developer
393, Hiring for Manager Quality ( Voice and Chat)
394,
395, South Indian Cook
396, Sharepoint Support Engineer
397, Asst Sales Manager_ API_ Chemical Distribution_ Mumbai
398, Java- Technical Lead- Tavant Technologies - Hyderabad
399, Hiring For Oracle Apps DBA@ Hyderabad
400, Walk in For Pharmacist @ 1mg Technologies || Gurugram Sec 14
401, Agency Manager || Life Insurance ||ahmedabad 
402, Vadodara
403, Bhopal 
404, HR Trainer
405, Project Manager For Civil Work
406, Vacancy For Motion Graphic Artist
407, Business Associate
408, Project Support Officer/Administrator
409, Electronic City
410, Immediate Requirement For Officer - IT @ Vibgyor High
411, Procurement - MDM
412, If You're an Experienced in International Tech Sales Then Call Us / In
413, Senior Game Artist
414, Manager (PR)
415, Senior Engineer Project
416, PERL Developer
417, Apache
418, Fuse
419, SME Techincal Supervisor_ Red Hat
420, Camel_magarpatta
421, Wire Industry
422, Manager Brand Marketing
423, Oracle Fusion Apps_manufacturing_any Location
424, VP / Sr.vp Fire
425, Data Science Engineer
426,Executive - Lab Instruments Maintenance
427, Immediate job Opportunity For Printer Engineer in Mumbai - Vashi
428, When you need a Roof you need a job. Come work with us
429, Senior Data Analyst
430, Java / J2EE
431, Web Services also experienced in AngularJS
432, Senior US IT Recruiter / Senior US Recruiter
433, Service Engineer - Bhiwadi
434, Sales Manager
435, Accounts Executive For 1-2 Years Experience
436, Inbound Tour Manager
437, Swimming Pool Technician
438,Data Science Manager
439, Associate Vice President - Talent Acquisition - Campus Hiring Program
440, Governance & Performance-Performance Management-Professors
441,paints)
442, Manager Sales / Area Manager (tiles
443, Bath Fitting
444, Operations - SME / Retail
445, Assistant Manager - HR Operations
446, Sr. Sales / Sales Executive
447, Senior Business Analyst - Sql/python
448, C#)
449, .NET Developer (asp.net
450, MVC
451, Head- Land Management.
452, Sr. Business Analyst
453, CNC Machine Operator
454, Executive
455, Presales Manager - Networking
456, Inside Sales Executive
457, Customer Care Executive
458, HR - Talent scout specialist
459, Sr. Sales Manager
460, Laundry Executive
461, Accounts executive
462, MBA HR - Experience
463, System Analyst
464, Account Assistance
465, Senior Embedded Engineer
466, Urgent Opening For Asst. Manager-it Infrastructure - Mumbai
467, Java Developer
468, Sr. Software Engineer Android/Hybrid
469, Principal Engineer-Piping
470, Business Analyst - Structured Finance
471,Solution Architecting
472, Sales / Business Development
473, Medical Coding Job(fresher Ug/pg) Pharm
474,be(biotech&biomed)
475,lifescience
476, Consultant
477, Network & Security Architect- Pune
478, Business Development Manager
479, Assistant Vice President - Stock Broking - Delhi
480,No job title
481, Production Manager in Press Shop & Projection Welding
482, salesfoce Developer +3Years / Mumbai
483, Social Media Executive
484, Business Advisor
485, IT Recruiter
486, Technical Recruiter
487, SAP PLM Consultant - SAP MM Module
488, Python Manager - IIT/ IIM/ DSE/ ISI
489, Marketing Manager - Activation - Iit/nit
490, Hiring .Net Developers for Hyderabad Location
491, Senior BI Cognos Developer
492, Technical Support Engineer
493, Senior Drupal Developer
494, Pre Sales Executive
495, Head - Sales &amp; Strategy (telematics)
496, Content Writer Required for a Monthly Magazine
497, Sales Engineers
498, Senior Laravel Developer
499, Medical Scribe Chandigarh Mohali Noida No Fees
500, Salary-26k To 48k
501, Hub-Incharge Bangalore
502, QA - Associate 
503, - Business - Operations - DM
504, Staff Nurse
505, Back Office Executive|data Entry Operators|domestic BPO
506, Sr Equity Advisor - 5 nos
507, Data Scientist - Sql/nosql
508, Hiring For Day Shift Non Voice Sal. Up To 24K
509,No job title
510, React.js Developer
511, Requirement in Private bank for BDE
512, Physics- TGT
513, Technical Sales Executive -mumbai
514, Urgent Opening - Hp-ux Administrator
515, Support Executive
516, J. Stores - Manager
517, Product Manager
518,No job title
519, Draughtsman
520, Senior Java Tech Lead - Spring Boot/ Data Structure
521, BCOM (hiring for Top4) Internal Audit /compliance Call Vikas
522, ETL Datastage Developer
523, Technical Lead
524, Specialist - DV
525, Office Assistant
526, Office Boy
527, MES camster/apriso/hydra engineer
528, HR PMO Professional
529, Principal Consultant
530, Urgent Requirment For Central Processing Center- Mumbai
531, Cognos TM1 Developer (4 6 years)
532, Smart Web Developer
533, Manager- Compensation and Benefits
534, Civil Architect
535, Reconciliation Executive
536, Oracle Sales Cloud Developer
537, Opening For Sales and Marketing_nariman Point 
538, Finance & OPS - Technical Consultant (dynamics Ax/365) @ Bangalore
539, Business Development Manager-digital / Export
540, Sr. Software Engineer
541, Website Designer
542, Tech caller hiring a huge number of Executives.
543, Web Designer
544, Service Engineer
545, Java Developer
546, Sale / Business Development Manager ePublishing
547, Associate Relationship Manager-direct Channel-life or Health Insurance
548, GM HR & IR
549, Business Development Associate
550, Team Leader Operations For International BPO - Kolkata
551, WALK IN Interview at Boisar for API
552, Formulation and R&amp;D Department
553, Business Development - Experience[- year] (No. Of Vacancy:
554, Front Desk Executive
555, Noida
556, Required Telesales Executives - Lovevivah.com - Sector 3
557, HR Executive
558, PHP/MySQL Web Developer
559,SeSu Specialty Trainer (level 4)
560, Real Estate Management- Visiting Faculty
561, CRM Executive (Female)/ Sec-48
562, Gurgaon
563, Assistant Professor (on Contract) (BLR) - Materials for Energy Systems
564, HTML / Web designer
565, Senior Implementation/Project Engineer
566, Senior Software Engineer_.Ner Full Stack
567, Project Manager
568, Business Development Executive
569, US IT Recruitment Manager
570, Design Engineer
571, Drupal Developer
572, Assistant Manager - Model Monitoring - KPO
573, Chat Process
574, Online Chat Representative
575, Chat Support Executive
576, Required Maintenance Engineer Fresher 2019 Batch only
577, Assistant Manager _ Medical Reviewer with Accenture
578, Piping Material Engineer
579, Visual Designer
580, IT - Dean
581,
582,Immediate Requirement For Recruitment Coordinator at Bglr
583, CFO - Rang De
584, Compliance Executive
585, Real Estate Surveyors/Data Collection Executive
586, Frontend Engineer - Javascript 
587, Sr. Java with PL/SQL Developer
588, Internationl BPO Voice and Technical Voice.
589, Head HR For a BPO in Nandanam Chennai. Read the JD & Apply.
590, Walkin For Account Executive / Assistant Team Leader - US Accounting
591, Cloud Deployment Engineer - Vmware/red Hat
592, Techinal Lead (.net)
593, Tech Sales
594,QA
595, Software Engineer/Project Lead - Hyperion
596, Operations Head - Integrated Facility Management - West
597, Restaurant Manager - St. Mary's Road
598, HR Release Manager
599, Systems Engineer
600,Genpact Walk-in for Customer Service Executive - 25th to 27th June
601, Counter Sales - Domestic Package Sales
602, Hiring for Tech Sales_Inbound voice
603, Walkin Drive .net-6th July @ Bangalore for Cognizant Softvision
604, Team Leader -ASP.Net
605, Oracle DBA
606, Opening For Software Tester Experience @ Andheri
607, Platform Lead - IT Operations & Development - Payment Bank
608,
609, Quality Analyst Lead
610, Senior Manager-materials Technology Leader
611, QA .
612, Supply Planner ( Leading MNC )
613, Html5 Developer
614, Senior Accountant
615,No job title
616, Manager - Demand Planning - Pharma
617, Murex Business Analyst
618, International Caller Required in UK Call Blocker Process
619, Noida
620, 4 To 6 Years
621, Urgent Requirement of Senior Project Coordinator
622, National Head- Placements
623, Hiring For Technical Support Officer
624, Walk-in
625, HR Recruiter
626, HR Executive
627, Customer Support Executive
628, International BPO Voice Process Blend Process Call Monish
629, Role Designation- Technology Analyst
630, Manager - Marketing International - Machinery Manufacturing-
631, Senior Software Engineer/ Team Lead - Python/ Django
632, BPO - Hiring For Australian Process Fix Shifts &amp; OFF - Salary 28K
633, Software Engineer - Node.js/ Java/ Python
634,No job title
635, Urgent Opening For Int. Travel Sales Consultant For Pune Location
636, Senior Resident - Ophthalmology (Vacancy-2)
637, HR Fresher trainee
638, Urgent Requirement for Fullstack Developer for Mumbai Location
639, Business Development Manager
640, Executive search For Inbound Tech Support Process.
641, Senior Industry Analyst
642, EXECUTIVE / Sr.EXECUTIVE (Microbiologist)
643, opportunities in ITES BPO company with experience callers for US S
644, Reference Data Operations - Senior Team Member
645, Urgent // Equity Dealer // Commodity Dealer // Mumbai
646, Immediate Hiring For Inbound Technical Support Rep with 20% Hike
647,Process Associate- F&A – P2P
648, Unity 3D Game Developer
649, Manager Talent Acquisition
650, Front Office Executive
651, Telecaller
652, Receptionist
653, Technical Support_rtm L2(active Directory and Exchange Server)
654, URGENT HIRING For HR MANAGER//ASSISTANT MANAGER//BPO//GURGAON
655, Executive - Export & Import
656, Project Manager (implementation)
657, Asp.net
658, Application support
659,Resident/medical Officer-emergency @fortis Escort Faridabad
660, Salesforce Consultant
661, Excellent Opp for Bussiness Development Head in Bangalore
662, Area Sales Manager
663, System Architect
664, Associate Vice President - Enterprise Account Management - Marketing
665, Assistant Manager Operations || 7+ Years || Gurgaon
666, Huge Hiring is going in Inbound Tech Support process
667, Oracle
668, R Analyst
669, Graduate Freshers Walkin - 1st July - 5th July&#39
670, AVP - Internal Auditor (people Management Role)
671, Technology Management- Lecturer
672, ABAP Tech Expert
673, Art Director
674, Senior Software Engineer
675,Application Developer – SAP ABAP Development
676, Windows Administrator || Bangalore Location || Immediate Start
677, Software Developer
678, Angular JS- Mumbai Location
679, Department Manager Checkout
680, Senior Graphic Designer
681, GGN_FAAS_Manager
682, Mid Level Lighting Artist
683, Technical Lead
684, Magento Developer | Gurgaon
685, Opening For .Net Developer Fresher Kandivali
686, Correspondent (English)
687, Director - Business Sales For Cash Mgmt & Payment Solutions Company
688,No job title
689, Web Designers
690, Sr. Magento Developers
691, Urgently Hiring | Associate/ Sr. Exe- Core Accounting | Day Shift
692,No job title
693, Front End Developer - React.js/wireframe/javascript
694, Data Entry Operator
695, Immediate opportunity For RedHat PAM or jBPM experience @ Hyd
696,QA Performance – Senior Engineer
697, Engineer
698, Sales & Business Development ( Marketing of Apartments & Villas )
699, Testing & Documentation
700,No job title
701, Technical Leader/technical Manager
702, Relationship Manager - Mse_liabilities ( Kodambakkam )
703, Corporate Sales Manager / B2B Sales Manager
704, Sales Executive
705, Hiring For Account Assistant
706, BPO Jobs For Voice Process with Good Salary Call HR Sonal
707, QA Executive - Pharma Industry - Bavla -
708, Operations Manager
709, Easy Process in International BPO - No Target
710, No Pressure
711, No Sales
712, Cloud Technology Leader
713, Assistant Manager Production
714, Manager - Analytics - Retail/ Ecommerce/ Telecom/ BFSI Domain
715,.net
716, MVC
717, Webapi)
718, Software Engineer(backend
719, Interior Designer
720, Recruiter
721, Assistant Manager - Event Operations__mice Company
722, Finance & Commerce- Dean
723, Business Development Executive
724, Executive/ Asst. Manager HR
725, Testing Engineer / Senior Testing Engineer
726, Front Office Receptionist
727, Opentext Documentum
728, Trainee Engineers
729, ASIC SoC Verification / Emulation
730,Senior Engineer
731, Staff Engineer
732, Analog/ RFI Design
733, HR Executive
734,No job title
735, PHP Developer
736, RBEI _ Deputy Manager
737,No job title
738, Transhipment Manager
739, HR Recruiter- Bangalore
740,
741, MIS Executive
742, Data Management Developer - Ssis/ssrs
743, MAC Developer
744, Content Marketing Lead
745, Tele Sales Executive
746, Director - Procurement - Bpo/ites
747, Urgent Requirement for _RPA Developer_dot net Developers @ Bangalore
748, Backend Manager (Female) 
749, Opening For Relationship Executive a Vibgyor High- Yelahanka
750, Hiring For Life Insurance- Bancassurance
751, Hiring For Banking Jobs - CASA Sales_hyderabad CTC upto 4 LPA
752, Cricket- Teacher
753, Software QA Test Engineer
754, Oracle Apps Technical Consultant - Ebs/r12 Modules
755, Market Research Executive
756, UI Developer - React.js & Node.js
757, Vacancy for Call Closers for Inbound Tech Support.. Spot Offer
758, web Developer
759,No job title
760, OPENING FOR AN EXPERIENCE TESTER @ SEAWOOD
761, RTL Design Engineer
762, Secretary
763, Php Developer
764, Walk-in Freshers B.tech / B.E / EEE / ECE /EC / CS / EC
765, Sr. Data Engineer Human Resources
766, Senior Security Engineer - Security Tools/vulnerability
767,
768, Area Sales Manager.
769, Full Stack Architect
770, Sr. QA Linux porting Engineer
771, Quality Engineer
772, iOS Developer
773, Dotnet Module Lead
774, Advocate - Leading Real Estate Legal Advisor Company -
775, Verification & Validation Engineer
776, Urgent Opening for the Position of Sr.technical Consultant
777, Mean Stack/full Stack Web Developer (male)
778, Staff Nurse (ICU)
779, Tcs Gurgaon is Hiring for Python Developers
780, Assistant General Manager-Maintenance
781, Graphic Designer
782, Design Principal Communication Design
783, Manager - Sales & Marketing - Real Estate / Property Sales - Ahmedabad
784, ECF3 _ Linux Test development
785, Openbsd Engineer
786, Company Secretary
787, IOS Developer
788,No job title
789, Sales Engineer - New Delhi
790, IT Administrator
791,No job title
792, ISE - Team Lead - PCB
793,Hiring Lead Java Developers | 5 Openings
794, Marketing Engineer
795, Bioanalytical Research Associate
796, Hiring Retail Educational Counselor (female) for Vepsun
797, Bangalore
798, Senior Manager Account Management - Mumbai
799, Business Analyst (CRM / Salesforce.com / Zoho)
800, Business Analyst cum Project Co-ordinator
801, Automation Test Engineer
802,
803, Data Entry Operator
804, Hiring For Female Football Coach
805, National Sales Manager
806, Team Lead Scanning
807, Senior Director - Service Engineering | 23499
808, ECE- Associate Professor
809, 3D Designer
810, Auto Cad Designer
811, FEMALE Tele caller
812, Graphic Designer
813, Python/django Developer
814, Business Service Manager
815, Developer
816, Mud Logger Geologist
817, Senior Unix Security Engineer
818, iPhone/iPad Application developer
819, Business Development Executive
820, Java Developers and Sr. Java Developers
821, Noida
822, Sector 63
823, Sales Manager
824,NIIT Ltd. Hiring For Product Manager - English
825, Remedyforce Developer - Salesforce
826, Mumbai
827, Business Development Officer
828, Senior Android Developer
829, Android Developer
830, Key Account Manager - Services
831, Data-Researcher-I
832, Principal Engineer
833, Service Delivery
834, Senior Manager - Pricing Analytics
835, Technology Lead/ C++ Windows Based Developer
836, Business Development Manager
837, Marketing
838, Recruitment Consultant -Non IT
839, Executive Sales & Marketing | Pune | Aurangabad| Kolhapur | Sangli
840, Purchase Executive
841, Ground Staff / Cabin Crew Walk-in Interviews (only Females)
842, Freshers! for Udyog Vihar & Sector 44 Gurgaon Huda City Center
843,No job title
844, Chef de Partie - Sushi (Japanese National)
845, Lead Administrator Unix Infrastructure
846, Technical Content Writer
847, Business Analyst
848, Consultant - Systematic Review
849, Website Sales
850, Branch Incharge - Gold Loan
851, Immediate Opening Sr.webmethod Developer Bangalore Location
852, Executive - Documentation
853, NRI Relationship Manager
854, DFT ENGINEERS
855, Channel Sales Manager
856, Immediate Hiring For Inbound Technical Support
857, Sales Manager
858, Business Development Manager
859, Marketing
860, b2b Sales
861, Manager/Executive Sales & Marketing
862, Product Manager
863, Embedded Engineer
864, Product Manager Mobile Banking
865, Hiring Fresher's For Business Development
866,Walk-in Drive for Freshers on 21st June and 26th June – IOC Trainee
867, QUALITY ANALYST (QA)
868,No job title
869,No job title
870, Openings for Medical Process- Upto 34k in hand Excellent Communication
871, Urgent Requirement For Electrical Engineer Freshers - Chennai
872, Group Leader - Maintenance Services - Technical & CAE Simulation
873, Assistant Manager Marketing (PLA-0548-N1C)
874, Sales Executive
875, Java Developer - Spring/hibernate
876, Graphic Designer - Fine Arts -
877, Member - User Experience
878, Urgent Opportunities For Hadoop Specialist in Mumbai.
879, Executive - Finance &amp; Accounts
880, .Net Lead - C#/vb/winforms
881,Python Scripting Professional
882, Role 1 : Data Scientist
883, Position title Senior Network Engineer
884, Corporate Sales Executive
885, Sr. Designer
886, Technology Lead
887, IP Telephony Network (L2 IPT) | Innova Solutions | Bangalore
888, RLEME_R4_Developers_Bangalore
889,
890, Content Writer
891, mobile technical writer
892, Artist3D 
893, UX Designer - Interactive & Visual - Gui/ui
894, Sales Manager
895, Performance Testing | Jardine Lloyd Thompson India
896, Professor Electrical
897, Manager US Corp Tax
898, Graphic Designer
899, Marketing Executive
900, Primary Sales - Manager
901, Openings for PHP/ Mysql Developers for Wipro Kolkata Location
902, Opening For ETL Testing with Abinitio Experience
903, Information architect
904, Resident Sales Executives / Sr. Sales Executives
905, Site Supervisor
906, Microsoft Developer
907, Interior Designer
908, Required Experienced Inbound Technical Sales Associates
909, Telesales Executive
910, Accountant female
911, Business Development Executive
912, SAP SD Analyst Level II
913, PHP Developer
914, BDM - Reputed Fire Protection Industry
915, Microstrategy Developer - Decision Support/business Intelligence
916, Urgent Requirement for QA Manager
917, Head of Marketing
918, Developers - .NET
919, Non Voice Backend
920, Sous Chef
921, HTML
922, CSS developer
923, Looking For Sharepoint Developer For Hyderabad Location For MNC
924,Devops -python :oracle-bangalore
925,Senior Devops Engineer
926, Dot Net Developer(contract)
927, Client Service Associate - Salary upto 50k/p.m.
928, Sr. Product Manager
929, Immediate Opportunity for Tableau Developer at Gurgaon
930, Corporate Sales Associate
931, Associate Auditor
932, F2F Interview on 29th June _ Java Senior Developer / Lead _ Whitefield
933, Vasant Kunj
934,Referral Sales @ Fortis
935, Relationship Manager - NRI Banking - Priority Clients
936, Software development engineer (WCF/ WPF)
937, Opportunity for Position of SAP Solution Manager
938, Washing Machine Repair / Engineer)
939, Team Lead (refrigerator
940, Store Incharge Retail
941, Urgent requirement for SEO
942, Technical Sales process (Only voice based US Process)
943, Group Fio - Java Developer - 1 To 5 Years - Chennai & Hyderabad
944, Sr Merchandiser
945, Oracle BI Developers Consultant
946,Associate Professor- Accounting
947, Java Senior Manager
948, F2F Interviews || Lead Recruiter || Gurgaon (july 06)
949, Counsel candidates for SAP and other technical training
950, Assistant Manager HR
951,Job Opportunity For SAP HANA @ Bangalore
952, Content Executive
953, Sr Ruby on Rails Developer - Json/javascript
954, Business Development Manager
955, Animator 3D
956, Product Owner
957, Agile Software Development
958, Business Leader - Gurgaon - Franklincovey India & Southasia
959, Clinic Doctor
960,balance Sheet) Restaurant
961, Junior Accounts Executive( Expert in Tally 
962, Content Engineer Industrial (Senior Engineer)
963, Android Developer
964, Sales Manager
965, Job Opportunity For Healthcare Recruiter Softnice Noida (US Shift)
966, Team Lead PHP
967, Opening For Java Full Stack Developer For Bangalore
968, Junior Accountant
969, Software Engineer MS.NET
970, Network Engineer
971, Consultant
972, Day Shift Jobs/non Voice...
973,Office Assistant
974, Immediate Opening For Sharepoint Developers with Oakton
975, Hyderabad
976, Associate Technical Support Engineer( L1)
977, Sales & marketing engineer Mal
978, AD SME (5 -10 Years)
979, SEO Executive
980, Business Development Manager
981, Designer
982, Java Developer - Maven/multithreading
983, Associate Director - Marketing Operations
984, Sales and Marketing Executives
985,No job title
986, Marketing Communications & Events Executive
987, HR Compliance Executive
988, DESIGNER KIDS WEAR
989, Art Director
990, Sales Manager
991, Receptionist
992, SCM OAF
993, Software Engineer
994, Opening For Crane Operator _technician (large Refinery-africa)
995,No job title
996, Sales Manager
997,No job title
998, Graphic Designer / Senior Graphic Designer (walk - In on 22nd June 19)
999, Admin - Executive(post Sales)
1000, Assistant Facility Manager- Gurgaon
1001, Utility Maintenance Engineer - Mechanical
1002, Webmethods Developer
1003, Sr. TSA / TSA UK & USA Voice Process
1004, Section Leader - Lab Testing
1005, PHP Developers
1006, Store Manager
1007, Mega Hiring Technical Support Executive Sales Voice
1008, Big Data &amp; Security
1009, Senior Engineer
1010, Animators and Game Designers
1011, Executive : Gem Portal/govt. Tender
1012, Executive - Sales ( B2C B2B & Project Sales- Paints) Across Rajasthan
1013, Business Development Manager
1014, Manager - Unix
1015, Application Senior Server Designer & Solutions Developer - Java/servle
1016, Junior Accountant
1017, Project Manager _ ER
1018, Senior Business Manager- Life Insurance
1019, Senior UNIX Linux Administrator
1020, Associate Director
1021,E Commerce Manager in Mumbai
1022, Job Opportunity for Mulesoft Developer - Pune Location
1023, Data Analyst
1024, AC Technician Job Openings in Qatar
1025, Technical Sales Executive with fixed pay & lucrative incentives.
1026, Sales Manager (agency Channel)
1027, Project Coordinator
1028, Hiring for Inteernational Non-voice Process(e-mail & Chat)
1029, Production Supervisor
1030, Corporate Finance & Accounts
1031, National Sales Head / Director Sales (logistic Company)_bangalore
1032, Urgent Requirement -medical Representative Required @ Hyderabad
1033, Biztalk Developer 1
1034, Sr. Executive - Training
1035, Technical Lead - Front End Development - Node.js/react.js
1036, Assistant Manager/ Manager Sales (5-7 Yrs)
1037, Sales Engineer - Technical
1038, Required Data Entry Operator/computer Operator
1039, Content Writer
1040, Company Secretary For Reputed Company
1041, Branch Head- Business Operations
1042, Functional Verification Engineer
1043, IVR/CTI Test Analyst
1044, Post Doctoral Fellows - Advance Novel Materials
1045, Invoice Processing PA1
1046, Software Engineer _ Immediate Joinee
1047, Executive- Hr(recruitment) for HR Consulting Dealing in Manufacturing
1048, Sales Manager - Karnataka
1049, Residence Engineer -technical Sales - S/9517
1050,Hrbp(night Shift) | Chennai
1051, Manager- Process Excellence
1052, area managers sales
1053, VB.NET ASP.NET Application Developer
1054, FAE Embedded Systems
1055, Piping Designers
1056, Manager/ Senior Manager Campus Hiring
1057, Accountant/ Taxation Executive
1058, Marketing Executive / Trainee
1059, Principal Engineer - Java/big Data
1060, Tech Mahindra || Mega Drive for International Process on 13-14th June
1061, IT - Software Developer
1062, Relationship Manager
1063, Urgent Required Australia and Canada PR Sales Executive
1064, Junior Merchandiser-home Furnishing Buying House (gurgaon)
1065, Sales and Marketing Manager - Power Cables
1066,Hexaware Technologies Is Hiring Powershell Developers - Mumbai
1067, Customer service / Tele caller
1068, Admin Assistant
1069, Development Engineer 3
1070, Lead Data Scientist
1071, SAP PLM/EHS
1072, Urgent Opening For Telecaller
1073, Data Information Management Intermediate Analyst
1074, Sr. Travel Sales Consultant | Incentive Upto 10 Rs Per Dollar 
1075,Job Description
1076, ASSOCIATE ANALYST / ANALYST
1077, Senior C#/.net Developer
1078,Senior Manager / Manager - QAQC - Mumbai
1079, Java Developer
1080, Golden Opportunity for Company Secretary(qualified) at Bandra East
1081, SAP MM Consultant For NTT Data
1082,bangalore C2H Hiring
1083, Jr. Graphic Artist
1084, Account Analyst
1085, Advertising & Public Relations- Assistant Professor
1086, Embedded Network Engineer / QCaLL Network Engineer
1087, Exucutive
1088, Business Operations
1089, Officer-Supplies & Purchases
1090, Netsuite Developer
1091, Soft Skill Trainer- Mumbai
1092, IT Recruiter- Urgent Requirement
1093, Customer Service Associate
1094, Android Developer
1095," Urgent Hiring For "" IT Recruiter(gurgaon)"
1096, Business Analyst
1097, Hybris Developer/Sr. Developer/Team Lead/Project Manager
1098, Senior PHP with Drupal Developer
1099, Inbound Tech senior Sales Executive
1100, Data Visualization Developer
1101, content writers
1102, Internal Audit Professional
1103, FMS Engineer
1104, Medical Officer
1105, Immediate Requirement For Medical Coder Fresher & Experience
1106, Technology
1107, .Net Full Stack Lead
1108, Accounts assistant - Finance
1109, ETL Test Analyst
1110,Openings for Ipdrg Coders In Chennai and Hyderabad
1111, Direct Sales - CASA Bank Sales Kolkata
1112, Business Development
1113, Tech Support International Voice Process
1114, Customer Care Executive (gurgaon/noida)
1115, Content Writers
1116,No job title
1117, Software Sales and Alliances Manager
1118, Sr. Full Stack Developer_fort (mumbai)react & Node/python is Mandatory
1119, Lead Engineer-embedded C RTOS
1120, Hiring Quality Analyst (QA) Lead with Software Company
1121, Bangalore
1122, Tele Sales Executive for Real Estate Company
1123, Software Developer
1124, Financial Service Associate - Bancassurance - Hdfc Bank
1125, QC Officer - Clinical Research. - Accutest Research Lab.
1126, OPERATION SUPPORT ASSOCIATE
1127, Engineer
1128, DEV OPS ENGINEER
1129, Sr Supplier Development Specialist Metallurgist (bangalore)
1130, iOS Application Developer
1131, Senior Software Engineer
1132,Job Description
1133, Required Telecaller for an IT Hardware Company
1134, General Manager - Sales & Marketing - Building Material
1135, Senior Business Intelligence Analyst
1136, Unix/Linux Developer
1137, Golang
1138, US Shift In Adeeba ( INBOUND TECH SUPPORT)
1139, Medical Representative (fresher)
1140, SEO / Web Promotion
1141, Business Head - P&P | Eco-friendly Industrial Products Brand | Chennai
1142, Sales Manager - Agro Equipment
1143, Web Application Developer
1144, Merchandiser/ Stock Manager
1145, Associate - Customer Service (Third Party Role)
1146,No job title
1147, Python Developer
1148, Team Lead - Data Governance
1149, Technical Support Engineer
1150, Software Product Development Engineer - Asp.net C# MVC SQL
1151, Freshers Day Shift BPO Graduate / PUC / English + Hindi Bangalore
1152, Member of Technical Staff - QA - SaaS Engineering
1153, Hyderabad-Software-Engineer-2
1154, Territory Manager
1155, CCE
1156, Technical Sales Coordinator VMAX Plate Beveling MCS. PVT. LTD
1157, Immediate Openings For Graphic Designer
1158, Assistant Manager Client Acquisition
1159, CRM Developer - MS Dynamics
1160, SR TECH LEAD
1161, MOBILITY
1162, Senior Search Engine Optimization
1163, Marketing Analyst
1164, VBA Developer Excel
1165, Cath Lab Technician
1166, Finance and Accounts Professional
1167, Reverse Logistics Manager
1168, Quality Analyst
1169, Manager - Business Development - Digital Services
1170, Manager / Senior Manager - Indirect taxation
1171, Statutory Profile Senior Manager ***close Soon
1172, System Architect - Linux
1173, Excellent Job Opportunity for a International BPO in Kolkata
1174,Sr. Exec./am FP&A | Fixed term Contract for 6 Months
1175, Backend Architect/senior Developer - Node.js/mongodb/mean Stack
1176, L2 Support Engineer
1177, Pharmacist/hospital Pharmacist
1178, Hiring For Fresh Graduates - HR Executive/manager - Very high Salaries
1179, Frontend Engineer - Angular/ Javascript/ Html/ CSS
1180, PHP Developer / Sr.php Developer
1181, TECH CALLERS
1182, Digital marketing
1183, Software support consultant
1184, Implementation Specialist - Online Visitor Engagement (OVE) solutions
1185, Cafeteria Operations Managers
1186, Tech Lead - Back End
1187, Inbound Tech Sales/Support hiring for US Shift in Adeeba
1188, Sr. SALES EXECUTIVE
1189, Mobile Application Developers - Android
1190, Smart HVAC Solutions
1191, SG Walk- In- Executive - Accounts Payable - Finance- 14th June
1192, Opening For Software Testing Fresher @ Baner Pune
1193, NRI:RM
1194, Electronic Cinematography- Assistant Professor
1195, Hiring for Outbound Process / bpo / tele Sales/customer Care Executive
1196, H R Trainee
1197, LEAD ADMINISTRATOR - L1 - HP NMMi & HPNA
1198, Ghatkpar W
1199, Urgent Opening Purchase Exec- RND
1200, Copy editor
1201,Job Description
1202, Asst Manager Sales
1203,Tax- UK GMS- Associate
1204, MIS Executive
1205, Sales & Application Engineer
1206, Logistics Officer
1207, Core HR
1208,No job title
1209, Full Stack Developer - Python & Java
1210, Rpa(ui Path)developers- Bangalore- Notice Period MAX 20 Days can Apply
1211, Day Shift Jobs
1212, HR Executive Generalist
1213, Senior UI Developer - Javascript/html5/css3
1214, Great Opportunity For Toefl - Banking Process with the Leading Ites/b
1215, Site Supervisors Civil
1216, Software Developer
1217,Job Opening for Manager Accounts Role
1218, Mumbai
1219, Sales Engineer / OEM Sales / Original Equipment Manufacturer
1220, Sr. Executive /Executive For Logistics For kolkata
1221, Embedded Engineer with Driver Developement
1222, Recruitment Executive - Goregaon East
1223, Asp.net Developer-bfsi Domain-mumbai
1224, Business Development Executives
1225, Back Office Executive
1226, DotNet Developer -
1227,Genpact Mega Walkin | Backend/ Non Voice Process | Loc: Gurgaon/ Noida
1228, Graphic Designer
1229, Opening Job DotNet Developer Fresher @ BKC
1230, Business Development
1231, SOCIAL MEDIA MARKETING
1232, Python Tester -Noida
1233, Data Researcher
1234, Android Mobile Application Developer
1235, Scouting For Warehouse Manager || Bengaluru || Ecomm/ Pharma Exp must
1236, Search Engine Optimization Specialist
1237, Sales Executive @ Ahmedabad
1238, Advisor Executive
1239, Test Automation Engineer
1240, Software Engineer
1241, Agro Microbiologist
1242, Production Manager with Production Manager/Supervisor
1243, Customer Service Executive - Air Clearance
1244, Account Manager
1245, VB Programmer:VBP
1246,No job title
1247, Tibco Integration Expert
1248, Freelance Recruitment Business Partner - Insurance Sector
1249, CCE for US Inbound Process
1250,No job title
1251, Buynuse Social Media Community Campaign Manager
1252, Role Designation- Specialist Programmer
1253, Walk- in for Senior Accounts Payable Executive
1254, Functional Consultant
1255, Software Development - Skill-set - Jenkins Requirement
1256, Animator
1257, Web Developer
1258,fadv
1259,ola Cabs
1260,superdaily Etc Sal upto 5lk
1261, Hiring For Cognizant
1262,mphasis
1263, Post Closure Underwriting Specialist Immediate Joining
1264, Openspan Developer
1265, Sales OR Business Growth Executive
1266, Team Lead | Voice Accent Trainer | Retail
1267, Sales Coordinator / Back Office Sales Coordinator
1268, Customer Service Executive
1269, Req - T24 Business Analyst / Solution Architect For Chennai Location.
1270, US Recruiter 2-4yrs
1271, HR Recruiter
1272, Field Sales Executive
1273, Executive - Business Development
1274, Devops Practice Lead - Ci/cd
1275, Devops Engineer | Immediate Joiner
1276, Asst. Manager -sales / Sales Executive ( Enterprise Software Products)
1277, Leadership role for Product Development ( General Insurance)- MNC
1278, Critical Care - Sr Resident/attending Consultant-delhi / Noida
1279, Hiring For Data Entry & Computer Operator Jobs In Delhi Noida
1280, Customer Support Executive
1281, Program Manager 
1282, Software Engineer 1A
1283, Qualitative QA Lead
1284, Trade Execution Analyst
1285,Exciting Opportunity For PhD Freshers in Mumbai
1286, Applications and Visa Specialist
1287, C++ Developer
1288, Made Business Process Improvements
1289, MANAGER - OPERATIONS
1290, Store Keeper
1291, Assistant Manager - Taxation
1292, Chartered Accountant
1293, Software Sales &amp; Marketing
1294, Secretary - Chairman's Office
1295, Front Office Executive for leading Jewellery Store.
1296, Sailpoint IQ Engineer - E2E Implementation
1297, Sales Manager - HDFC Life Insurance
1298, Risk & Compliance
1299, Operations & Marketing
1300, Business Analyst: Finance
1301, Java Senior Developer
1302, Javascript Developer
1303, Assistant Manager - Credit Operations
1304, Principal Software Engineer - LTE MAC Layer
1305, planning epm developer
1306, Urgent Opening For Front End Developer @ Perennial Systems
1307, Pune
1308, TME and Deck Cadet
1309, Software Testing Engineer
1310, Devops Engineer
1311, Sales Executive
1312, Urgent Opening For Back Office Executive
1313, Production Head in a Agro Chemical Co. for Telangana Location
1314, Walkins -recruitment Executive/associate
1315, Assistant Librarian (Vacancy-1)
1316, Android Apps Development Engineer
1317, Leadership Opportunity- Payroll Product Head Role
1318, Manager / DY. Manager - Marketing (male)
1319, Desktop Developer Cisco Finesse
1320, Senior Member Technical Staff / Project Lead - USB Stack
1321, Job | Electrical Engineer - Engineer/sr.engineer
1322, Head - Company Secretary
1323, Hiring Freshers /experienced For International /domestic BPO Call
1324, GSS Automation Development and Support Analyst
1325, Opportunity For PHP Developers - 6 Months Contract
1326, Tele Caller cum Back office Executive
1327, Jr Software Tester 
1328, Voice Process/international Bpo/location:kolkata
1329, Front End Developer(contract Position - Immed Joining)chennai Location
1330, SEO Specialist
1331, Web / LAMP Developer
1332, Adeeba experienced inbound tech support process
1333,Multiple Openings for ITI ( Mechanical / Fitter ) in Ahmedabad
1334, Portfolio Manger SME Hyderabad
1335, Front Office Executive
1336, Quality Assurance Engineer - Business Analysis & Functional Testing
1337, Senior Developers - Java
1338, Product Support Specialist
1339, Associate: S&amp;IT (international)
1340, Immediate Joinee _progress 4 Gl_hyderabad
1341, Merchandiser-hard Goods- Buying House-30k-delhi
1342, Looking For Manager- Government Liaison with Leading QSR.
1343, Executive Assistant To CEO - Allways Logistics - Sarita Vihar
1344, UI Developer - React.js/javascript
1345, Java Lead
1346, Sales- Working Capital Bangalore/ Belgaum/ Madurai/ Mangalore/ Coimbat
1347, Senior PHP Developer- WALK IN
1348, GM - Marketing
1349, Technical Manager - Server Side Development - Java/ Node.js
1350, Analytics Delivery Manager
1351, Assistant Vice President
1352, Angular JS Developer EIA Department
1353, Top Branded intl bpo Hiring for Inbound Voice Process
1354, Marketing Intern Fresher Mumbai
1355, Manager - Audit - Insurance
1356, Team Leader For Customer Care Center
1357, Technology Architect
1358, GIS Draftsman
1359, Frontline RMS
1360, Dot Net Developer
1361,Senior Financial Analyst
1362, Java Development
1363, Senior Data Scientist
1364, Hiring For Top 10 Mnc's in Pune
1365, Artist 3D
1366, PHP Developer - Xml/api/mvc/codeigniter
1367, Legal Studies- PGT
1368, Test Automation Engineer
1369,No job title
1370, UX Designer
1371, Microsoft Excel Analyst
1372, Customer Care Executives For UK Inbound Process
1373, Telesales Consultant - Work from Home
1374, Digital Marketing - Account Executive
1375, UI Developer
1376, Associate Research Analyst
1377, New Talent Lab
1378, Government & Education
1379, BPO Inbound Voice Tech Process- Customer Service Inbound Voice- Appl
1380, Marketing Executive- BBA
1381, MBA
1382, Lead Data Analyst
1383, Dotnet Developer
1384, business development manager mnc ahmedabad
1385, Power BI
1386, Graphic Designer
1387, Patent Illustrator
1388, Female Executive Assistant
1389, Staff Engineer - Cloud Platforms
1390, Support Executive
1391, Purchase Management
1392, JAVA DEVELOPER
1393, HR Executive
1394, Mis Executive
1395, CLUSTER MANAGER-TEAM HANDLING-CALL
1396, Society Manager
1397, Business Development Executive (SEO Services)
1398, Deputymanager- Design
1399, Chief Risk Officer - Credit Cards
1400, Store Manager
1401,kolkata To Apply Call : HR Shayani
1402, Urgent Hiring Going For Wipro
1403, Project Manager - TTT
1404, Advisory_SAP UI5_Staff_44
1405, Embedded Automotive Engineers/Senior Engineers
1406, Sr. SALES EXECUTIVE
1407, Hospitality- PGT
1408,Urgent Requirement of Performance Tester
1409, Hiring For Travels Refunds Executive@ Gurgaon
1410, ERP Administrator 3
1411, Executive Export & Import
1412, Applications Development Programmer Analyst
1413, Counselors/Territory Managers/Marketing Manager (PWW-858-N1C)
1414, Operation Executive
1415, Engineer - Testing
1416, Business Development Manager
1417, Opening For a Coding Expert with Finance Background(1 yr Contract)
1418, Design Engineer
1419, SEO Manager
1420, F&amp;PE- Junior Formulation Process Lead.
1421, Senior Global Sourcing lead
1422, Android Media Engineer - Java/ Algorithm
1423, Production/Manufacturing/Maintenance
1424, Channel Development Manager (haldia/kolkata)
1425, Freight Forwarding Sales
1426, Head - Facility Management - Hyderabad
1427, Assistant Professor - Hospitality
1428, AEM Technical Lead
1429,No job title
1430, Java/J2EE Developer
1431, Area Manager-operations /male
1432, Website Developer
1433, Project Manager - ERP - .net/wcf/wpf
1434, Senior Software Development Engineer - Android Platform - Java/sdk
1435, Mysql Database Developer in Malad Location.
1436, Admin Officer
1437, Senior Process Associate
1438, business development manager
1439, Chartered Accountant
1440, Head -sales Success
1441, Hiring For Plsql Developer For Leading Product Development Industry
1442, Java
1443, IBM MDM 
1444, Senior Client Solution Manager
1445, Manager Machine Shop
1446, On d spot Offer Letter !! Bulk Hiring For Amex/convergys /AON /metlife
1447, Service Delivery Engineer 2
1448, Required Company Secretary Inter and CA Inter Passed or Pursuing
1449,Urgent Requirement For Executive Sous Chef
1450, Linux Device Driver Professional - Firmware
1451, Hedge Funds / Taxation / MBA Finance / Mumbai / 3.5 LPA
1452, Tele Sales Manager
1453, Software Engineer/ Software Engineer
1454, Accenture - P2P / Accounts Payable Hurry Call Now
1455,Big Data Engineer
1456,
1457, Brand & Consumer Marketing Manager
1458, Area Initiator (medical Representative)
1459, Manager Sales & Marketing
1460, Inside Sales Executive
1461, Global Network Security Engineer
1462, Commis Chef -
1463, General Medicine Professional
1464, India CX Presales Leader
1465, Business Development Defence
1466, Civil Design Engineer
1467, Manager DBA || Payment Gateway
1468, Application Support Engineer - 18131
1469, Assistant cum Computer Operator
1470, Manager - Legal - Assets - Banking - LLB
1471, Urgent: Technical Writer/tech Writer for Product Based Company: Hyd
1472, Web Developer
1473, PHP Programmer
1474, Graphics & 2D Animation Faculty
1475,pune
1476, Telecaller 0-1yr Exp 
1477, Java Full Stack Developer_pune
1478, Chief Engineer / Sr.Engineer
1479, Deck Cadet & OS
1480, Senior Physiotherapist
1481, Professor Madhu Viswanathan
1482, Design Manager
1483, Executive - Technical Service ( TSS )
1484, Software Engineer - Java - Gurgaon
1485, HR
1486, Technical Sales Executive/ 5 day/ both side cab/ Delhi/ncr-sarita
1487, Immediate Hiring for Team Leader - Broadband Sales
1488, Technology Writer and Reviewer (Full Time)
1489, Sr Software Dev Engineer
1490, Software Engineer I
1491,
1492, Java J2Ee Developer
1493, Hr Internship Female Candidate
1494, Technical Writer
1495, Azure data lake
1496, Customer Service Executive
1497, Customer Service Representative
1498,No job title
1499, Executive Assistant- Andheri (W) Mumbai
1500, Principal Software Engineer - IT
1501, Account Manager/Sales Executive/Business Development Managers
1502, Technical Recruiter
1503, Fresher/junior Accounting Executive 0-2 Years of Experience
1504,Deputy Manager - Design (junior Boyswear) - Mumbai
1505, Sybase Database Administrator
1506, Analyst/ Freshers: IC/HPLC/GC
1507, Senior Java Developer - Spring/ Hibernate
1508, Fresher Electronics Electrical Engineer For Quality / Maintenance
1509, UI Front-end Developer with Design Skills.
1510, Sales Coordinator - Female - Automation / Instrumentation Industry
1511,No job title
1512, Information Technology
1513, Production Coordinator Knits Ladies Hi Fashion Garment Male Delhi
1514,ncr
1515, Tender Executive - Event Management
1516, Business / Product Analytics
1517, Scannhum| Assistant Manager - Accounts | Chembur (Mumbai)
1518, Immediate openings For system admin pune location
1519, Italian Language Expert
1520, Senior Java Developer-for Product base Company-startup-bangalore
1521, Senior Manager Finance
1522, Big Data Developer - Tableau/python/r
1523, Only experience candidates knowledge in tech support process
1524, Project Manager - Customer Experience - Supply Chain
1525, Customer Service Associate
1526, Web Designer
1527, iOs Development
1528, Inside Sales Executive
1529, Head Sales & Marketing - Horeca
1530, AWS Certified Engineer
1531, Leading MNC looking For SEO
1532, Executive Assistant/manufacturing/faridabad/females Only(married)
1533, Looking for Network DC Skill from 6-9 Yrs of Exp
1534,Tech Mahindra || Network Intelligence || Pune
1535, Sr.hr Executive/assistant Manager Hr/professional
1536, Back - end developer
1537, Team Leader / AM - Process Excellence ( Individual Contributor Role)
1538, Web 2 0 Ui Developers
1539, UI Developer / Magento Developer for US Global Leader - Mumbai
1540, Sr. Tech Product Manager - yrs.-$K -
1541, Delv Senior Software Eng
1542,No job title
1543, Credit Collection Executive
1544, Technical Support Engineer_ Nagar Road
1545, Devops Engineer
1546,Python Scripting
1547, Urgent Requirement For the Executive Field Investigation - Faridabad
1548, BDE - Bangalore
1549, Urgent Requirement for AGM Operations for EOS - Sales
1550, Walk in for Sr. Telecalling Executive - Institutional Sales
1551, Hiring | Software Engineer - JAVA &amp; Angular JS (Job Code : 800)
1552, Design Engineer
1553, B.COM Faculty
1554, Accountant cum Office Assistant
1555, Manager - Fraud Analytics - BFSI Domain
1556, sap fico consultant
1557, Customer Experience Specialist: Gurgaon
1558, IT Developer(Oracle ERP)
1559,No job title
1560, Fresher Engineer Passing 2019 B-tech EC/ ECE / EEE For Networking
1561, Customer Service Executive/ Sr. Customer Service Executive
1562, Urgently Required : Mobile Automation Engineer
1563, Senior Big Data Support Analyst
1564, Courier Executive .Salary 20K
1565, Hardware Engineer
1566, Field Sales Executive
1567, Exchange Online - Support Escalation Engineer
1568, Business Analyst
1569,Urgent Dialysis Tech/ Crrt- Fortis Bannerghatta Road Bangalore
1570, Pharmaceutical Purchase Executive/global Sourcing
1571, Assistant Manager - Direct Tax in Pune
1572, Duty Manager
1573, Territory Manager
1574, Stewardess
1575, Java Script
1576, PPC Expert
1577, PHP Developer: Gurgaon
1578, RECEPTIONIST
1579, Site Reliability Engineer
1580, RECRUITING TECH CALLERS AT Adeeba Group US Shift.
1581, Hurry Up!!! Opening for International Inbound Technical Support
1582, Account Assistant
1583, Drupal Developer (Immediate joiners preferred)
1584, Urgent Requirement Male FMCG Area Sales Manager For Delhi
1585, Hiring for .Net Developer || Gurgaon Location.
1586, Business Development Executive - SME
1587,Microsoft Windows Azure PaaS
1588, Lead Business Analyst - SCM Domain
1589, Sales Executive
1590, Net Developer
1591, UI Developer
1592,Truecomp Consultant Job
1593, Operations Executive
1594, Sales Manager
1595, Sales Executive - Construction Chemicals &amp; Paint
1596, Account Manager BFSI
1597, TELECALLER
1598, Associate - Lead Generation
1599, Associate - Call Centre
1600, Team Member - Performance Marketing
1601, Senior Data Scientist Bidgely
1602, iOS Developer with Replicon Software - Product Company
1603, Customer Care Executive
1604, Urgent Opening for the Position of Executive / Sr. Executive -purchase
1605, Director Ad Strategy
1606, Mumbai
1607, Excellent Opportunity - Software Developer
1608,
1609, Channel Sales Manager
1610, Walk In Drive ll Calling Associate || Bangalore - 27 June
1611, Inbound voice tech support(Us shift)
1612, Senior Counsellor
1613, Medical Coding Freshers Jobs Dgnm
1614, GNM Staff Nurse
1615, Male Staff Nurse
1616, Position: Magento Developer
